smORF_0	MQEEMSALTQNHTWDLVPASPDMNLLGCKWVFRVKLNADGSLDKLKARLVAKGFLIPTRKKLVG*	65	k141_52_1	MQEEMSALTQNHTWDLVPASPDMNLLGCKWVFRVKLNADGSLDKLKARLVAKGFLIPTRKKLVG*	65	100	65	1.35e-46	100	100
smORF_1	MPALTEIFGDDSVLQFGGGTLGHPWGNAPGAVANRVALEACVQARNEGRDLAVEGNEIIREACKWSPELAAACEVWKEITFNFPTIDKLDGQE*	94	k141_16_1	MPALTEIFGDDSVLQFGGGTLGHPWGNAPGAVANRVALEACVQARNEGRDLAVEGNEIIREACKWSPELAAACEVWKEITFNFPTIDKLDGQE*	94	100	94	3.47e-71	100	100
smORF_2	MGCCSTERRDAPDRWDPVPTKLIEGSANPTKLKKEWRTKENGRRSAVPKGCYSADRREVNSGIRMLRCQRSDGISSCQDRGMM*	84	k141_36_1	MGCCSTERRDAPDRWDPVPTKLIEGSANPTKLKKEWRTKENGRRSAVPKGCYSADRREVNSGIRMLRCQRSDGISSCQDRGMM*	84	100	84	4.16e-63	100	100
smORF_3	MQQLQNGNLIEYTIKIYKQEQILRKRLKILGWEVIPLPDPLLEDRIPEKLKENHVLVQANPLYY*	65	k141_91_1	MQQLQNGNLIEYTIKIYKQEQILRKRLKILGWEVIPLPDPLLEDRIPEKLKENHVLVQANPLYY*	65	100	65	2.72e-46	100	100
smORF_4	MVYILLLIAWRIKNMTIAFQLAVFALIITSSILLISVPVVFASPDGWSSNKNVVFSGTSLWIGLVFLVGILNSLIS*	77	k141_72_1	MVYILLLIAWRIKNMTIAFQLAVFALIITSSILLISVPVVFASPDGWSSNKNVVFSGTSLWIGLVFLVGILNSLIS*	77	100	77	9.32e-48	100	100
smORF_5	MPRSRINGNFIDKTFTIVADILLRVIPTTSGEKEAFTYYRDGAIWLSLFFFLADFDWNRKKNEYWKKIYAFEGEVYNIKKTIPSVMYPRLMQP*	94	k141_11_1	MPRSRINGNFIDKTFTIVADILLRVIPTTSGEKEAFTYYRDGAIWLSLFFFLADFDWNRKKNEYWKKIYAFEGEVYNIKKTIPSVMYPRLMQP*	94	100	94	2.86e-70	100	100
smORF_6	MAKGKDVRVTIILECTSCVRNDIKKEAAGISRYITQKNRHNTPSRLELRKFCPYCYKHTIHGEIKK*	67	k141_80_3	MAKGKDVRVTIILECTSCVRNDIKKEAAGISRYITQKNRHNTPSRLELRKFCPYCYKHTIHGEIKK*	67	100	67	9.65e-50	100	100
smORF_7	MRDLKTYLSVAPVLSTLWFGSLAGLLIEINRLFPDALTFPFFSF*	45	k141_80_4	MRDLKTYLSVAPVLSTLWFGSLAGLLIEINRLFPDALTFPFFSF*	45	100	45	1.08e-30	100	100
smORF_8	MSSPEFARTIPVSPPMVNKKMNPTANNMGVLYCIEPPHMVAIQLKILIPVGTAMIMVAAVK*	62	k141_15_1	MSSPEFARTIPVSPPMVNKKMNPTANNMGVLYCIEPPHMVAIQLKILIPVGTAMIMVAAVK*	62	100	62	2.42e-41	100	100
smORF_9	MVFSRMFRMSRLLNSLTDWLLELTNGLPASLLFVLEPLLAMDLLWLTGPEMS*	53	k141_58_1	MVFSRMFRMSRLLNSLTDWLLELTNGLPASLLFVLEPLLAMDLLWLTGPEMS*	53	100	53	2.79e-34	100	100
smORF_10	MCLELILNAVNMNFVTFSDFFDNSQLQGEIFCIFVIAIAAAEAAIGLAIVSSIYRNRKSIRINQSTLLNK*	71	k141_84_1	MCLELILNAVNMNFVTFSDFFDNSQLQGEIFCIFVIAIAAAEAAIGLAIVSSIYRNRKSIRINQSTLLNK*	71	100	71	8.37e-46	100	100
smORF_11	MSHSVKIYDTCIGCTQCVRACPTDVLEMIPWDGCKAKQIASAPRTEDXXXXXXXXXXXXXXXLSVRVYLWHETTRSMGLAY*	82	k141_84_2	MSHSVKIYDTCIGCTQCVRACPTDVLEMIPWDGCKAKQIASAPRTEDCVGCKRCESACPTDFLSVRVYLWHETTRSMGLAY*	82	100	82	6.57e-48	100	100
smORF_12	MSGSTGERSFADIITSIRYWVIHSITIPSLFIAGWLFVSTGLAYDVFGSPRPNEYFTESRQGIPLITGRFDPLEQLDEFSRSF*	84	k141_54_1	MSGSTGERSFADIITSIRYWVIHSITIPSLFIAGWLFVSTGLAYDVFGSPRPNEYFTESRQGIPLITGRFDPLEQLDEFSRSF*	84	100	84	9.83e-62	100	100
smORF_13	MKTGLWESKKSVVLLGEAVECRTLDGESPVAESITSLCSDPSSMGHVESRVNQQGPPCKAKYSWVTDSEVVP*	73	k141_74_2	MKTGLWESKKSVVLLGEAVECRTLDGESPVAESITSLCSDPSSMGHVESRVNQQGPPCKAKYSWVTDSEVVP*	73	100	73	7.55e-52	100	100
smORF_14	MPLEPRASWFSPKCVEAQQLTGHLGVKHCFGAGRESGTKSRQTLNTRYDLKITGVKVGQ*	60	k141_74_3	MPLEPRASWFSPKCVEAQQLTGHLGVKHCFGAGRESGTKSRQTLNTRYDLKITGVKVGQ*	60	100	60	2.26e-45	100	100
smORF_15	MKNLTDSFVYLGHWPSAGSFGFNTDILATNPINLSVVFGVLIFFGKGVCVSCSFQE*	57	k141_89_1	MKNLTDSFVYLGHWPSAGSFGFNTDILATNPINLSVVFGVLIFFGKGVCVSCSFQE*	57	100	57	5.97e-42	100	100
smORF_16	MFLISRLAETNRAPFDLPEAEAESVAGYNVEYARDAILNSPLLAEANVPGSRGLILTETRGGSLPTQKYSIFGKTKNVIA*	81	k141_49_1	MFLISRLAETNRAPFDLPEAEAESVAGYNVEYARDAILNSPLLAEANVPGSRGLILTETRGGSLPTQKYSIFGKTKNVIA*	81	100	81	5.00e-56	100	100
smORF_17	MVDTRDSKSRAKERGGSSPLQGIILKWNKFGSGSRNIGDLLYLMNGEGESALKSSALRPAVYDSTGITQG*	71	k141_92_2	MVDTRDSKSRAKERGGSSPLQGIILKWNKFGSGSRNIGDLLYLMNGEGESALKSSALRPAVYDSTGITQG*	71	100	71	5.21e-49	100	100
smORF_18	MLLLKHGRIEILDQNTMYGWYELPKQEFLNSEQPELLLTTSKKFPLIKDGNPLENQKYACRIKLLLLSVPITNQLNN*	78	k141_92_3	MLLLKHGRIEILDQNTMYGWYELPKQEFLNSEQPELLLTTSKKFPLIKDGNPLENQKYACRIKLLLLSVPITNQLNN*	78	100	78	4.90e-57	100	100
smORF_19	MTTFNNLPSIFVPLVGLVFPAIAMASLFLHIQKNKIF*	38	k141_37_1	MTTFNNLPSIFVPLVGLVFPAIAMASLFLHIQKNKIF*	38	100	38	5.18e-24	100	100
smORF_20	MTRNVRRGGKIWVRIFPDKPVTVRPAETRMGSGKGSPEYWVAVVKPGKILYEMGGVPENIARKAISIAASKMPIKTQFIISE*	83	k141_61_4	MTRNVRRGGKIWVRIFPDKPVTVRPAETRMGSGKGSPEYWVAVVKPGKILYEMGGVPENIARKAISIAASKMPIKTQFIISE*	83	100	83	8.82e-60	100	100
smORF_21	MKGNRKVCGFSGRMKEREKKLNINDI*	27	k141_61_5	MKGNRKVCGFSGRMKEREKKLNINDI*	27	100	27	9.96e-18	100	100
smORF_22	MDGIKYAVFTDKSIRLLGKNQYTFNVESGSTRTEIKHWVELFFGVKVIAMNSHRLPGKVKRMGPILGHTMHYRRMIITLQPGYSIPPLRKKRT*	94	k141_33_1	MDGIKYAVFTDKSIRLLGKNQYTFNVESGSTRTEIKHWVELFFGVKVIAMNSHRLPGKVKRMGPILGHTMHYRRMIITLQPGYSIPPLRKKRT*	94	100	94	3.34e-69	100	100
smORF_23	MTRSLKKNPFVAKHLLRKIEKLNTKAEKEIIITWSRASTIIPTMIGHTIAIHNGREHLPVYIIDLMVGHKLGEFSPTINFRGHAKNDNRSRR*	93	k141_33_4	MTRSLKKNPFVAKHLLRKIEKLNTKAEKEIIITWSRASTIIPTMIGHTIAIHNGREHLPVYIIDLMVGHKLGEFSPTINFRGHAKNDNRSRR*	93	100	93	2.03e-65	100	100
smORF_24	MIKNIVISFEEQKEESRGSVEFQVFSFTNKIRRLTSHLELHRKDYLSQRGLRKILGKRQRLLAYLSKKNRVRYKELINQLNIRELKTR*	89	k141_38_1	MIKNIVISFEEQKEESRGSVEFQVFSFTNKIRRLTSHLELHRKDYLSQRGLRKILGKRQRLLAYLSKKNRVRYKELINQLNIRELKTR*	89	100	89	6.48e-58	100	100
smORF_25	MSAQSEGNYAEALQNYYEAMRLEIDPYDRSYILYNIGLIHTSNGEHTKALEYYFRALERNPFLPQAFNNMAVICHYVRLSPL*	83	k141_31_1	MSAQSEGNYAEALQNYYEAMRLEIDPYDRSYILYNIGLIHTSNGEHTKALEYYFRALERNPFLPQAFNNMAVICHYVRLSPL*	83	100	83	4.37e-60	100	100
smORF_26	MIYLSIEKDTKDLYLFINSPGGWVISGMAIYDTMQFVRPDVQTICMGLAASIASFILVGGAITKRIAFPHAWRQ*	75	k141_87_1	MIYLSIEKDTKDLYLFINSPGGWVISGMAIYDTMQFVRPDVQTICMGLAASIASFILVGGAITKRIAFPHAWRQ*	75	100	75	3.81e-55	100	100
smORF_27	MATQTVEDSSRSGPRSTTVGKLLKPLNSEYGKVAPGWGTTPLMGVAMALFAVFLSIILEIYNSSVLLDGISVN*	74	k141_87_4	MATQTVEDSSRSGPRSTTVGKLLKPLNSEYGKVAPGWGTTPLMGVAMALFAVFLSIILEIYNSSVLLDGISVN*	74	100	74	9.15e-49	100	100
smORF_28	MEYKVLNLSLIQYYFLLFKDMKESKCESSSLWLNAKKSSKLIRLYVVLIVTGLLNLLDYLSLLSFFIWYLYGTGTGISSCFLYY*	85	k141_87_5	MEYKVLNLSLIQYYFLLFKDMKESKCESSSLWLNAKKSSKLIRLYVVLIVTGLLNLLDYLSLLSFFIWYLYGTGTGISSCFLYY*	85	100	85	1.39e-57	100	100
