smORF_0	MQEEMSALTQNHTWDLVPASPDMNLLGCKWVFRVKLNADGSLDKLKARLVAKGFLIPTRKKLVG*	65	k141_52_1	MQEEMSALTQNHTWDLVPASPDMNLLGCKWVFRVKLNADGSLDKLKARLVAKGFLIPTRKKLVG*	65	0.986	64	1.135E-41	0.985	0.985
smORF_1	MPALTEIFGDDSVLQFGGGTLGHPWGNAPGAVANRVALEACVQARNEGRDLAVEGNEIIREACKWSPELAAACEVWKEITFNFPTIDKLDGQE*	94	k141_16_1	MPALTEIFGDDSVLQFGGGTLGHPWGNAPGAVANRVALEACVQARNEGRDLAVEGNEIIREACKWSPELAAACEVWKEITFNFPTIDKLDGQE*	94	1.000	93	1.401E-63	0.989	0.989
smORF_28	MEYKVLNLSLIQYYFLLFKDMKESKCESSSLWLNAKKSSKLIRLYVVLIVTGLLNLLDYLSLLSFFIWYLYGTGTGISSCFLYY*	85	k141_87_5	MEYKVLNLSLIQYYFLLFKDMKESKCESSSLWLNAKKSSKLIRLYVVLIVTGLLNLLDYLSLLSFFIWYLYGTGTGISSCFLYY*	85	0.922	84	2.839E-51	0.988	0.988
smORF_12	MSGSTGERSFADIITSIRYWVIHSITIPSLFIAGWLFVSTGLAYDVFGSPRPNEYFTESRQGIPLITGRFDPLEQLDEFSRSF*	84	k141_54_1	MSGSTGERSFADIITSIRYWVIHSITIPSLFIAGWLFVSTGLAYDVFGSPRPNEYFTESRQGIPLITGRFDPLEQLDEFSRSF*	84	0.990	83	2.799E-55	0.988	0.988
smORF_13	MKTGLWESKKSVVLLGEAVECRTLDGESPVAESITSLCSDPSSMGHVESRVNQQGPPCKAKYSWVTDSEVVP*	73	k141_74_2	MKTGLWESKKSVVLLGEAVECRTLDGESPVAESITSLCSDPSSMGHVESRVNQQGPPCKAKYSWVTDSEVVP*	73	0.977	72	1.010E-46	0.986	0.986
smORF_10	MCLELILNAVNMNFVTFSDFFDNSQLQGEIFCIFVIAIAAAEAAIGLAIVSSIYRNRKSIRINQSTLLNK*	71	k141_84_1	MCLELILNAVNMNFVTFSDFFDNSQLQGEIFCIFVIAIAAAEAAIGLAIVSSIYRNRKSIRINQSTLLNK*	71	0.894	70	1.411E-40	0.986	0.986
smORF_11	MSHSVKIYDTCIGCTQCVRACPTDVLEMIPWDGCKAKQIASAPRTEDCVGCKRCESACPTDFLSVRVYLWHETTRSMGLAY*	82	k141_84_2	MSHSVKIYDTCIGCTQCVRACPTDVLEMIPWDGCKAKQIASAPRTEDCVGCKRCESACPTDFLSVRVYLWHETTRSMGLAY*	82	1.000	81	1.170E-57	0.988	0.988
smORF_22	MDGIKYAVFTDKSIRLLGKNQYTFNVESGSTRTEIKHWVELFFGVKVIAMNSHRLPGKVKRMGPILGHTMHYRRMIITLQPGYSIPPLRKKRT*	94	k141_33_1	MDGIKYAVFTDKSIRLLGKNQYTFNVESGSTRTEIKHWVELFFGVKVIAMNSHRLPGKVKRMGPILGHTMHYRRMIITLQPGYSIPPLRKKRT*	94	0.988	93	3.308E-62	0.989	0.989
smORF_23	MTRSLKKNPFVAKHLLRKIEKLNTKAEKEIIITWSRASTIIPTMIGHTIAIHNGREHLPVYIIDLMVGHKLGEFSPTINFRGHAKNDNRSRR*	93	k141_33_4	MTRSLKKNPFVAKHLLRKIEKLNTKAEKEIIITWSRASTIIPTMIGHTIAIHNGREHLPVYIIDLMVGHKLGEFSPTINFRGHAKNDNRSRR*	93	0.958	92	3.307E-59	0.989	0.989
smORF_18	MLLLKHGRIEILDQNTMYGWYELPKQEFLNSEQPELLLTTSKKFPLIKDGNPLENQKYACRIKLLLLSVPITNQLNN*	78	k141_92_3	MLLLKHGRIEILDQNTMYGWYELPKQEFLNSEQPELLLTTSKKFPLIKDGNPLENQKYACRIKLLLLSVPITNQLNN*	78	0.992	77	3.775E-51	0.987	0.987
smORF_26	MIYLSIEKDTKDLYLFINSPGGWVISGMAIYDTMQFVRPDVQTICMGLAASIASFILVGGAITKRIAFPHAWRQ*	75	k141_87_1	MIYLSIEKDTKDLYLFINSPGGWVISGMAIYDTMQFVRPDVQTICMGLAASIASFILVGGAITKRIAFPHAWRQ*	75	0.996	74	2.729E-49	0.987	0.987
smORF_27	MATQTVEDSSRSGPRSTTVGKLLKPLNSEYGKVAPGWGTTPLMGVAMALFAVFLSIILEIYNSSVLLDGISVN*	74	k141_87_4	MATQTVEDSSRSGPRSTTVGKLLKPLNSEYGKVAPGWGTTPLMGVAMALFAVFLSIILEIYNSSVLLDGISVN*	74	0.919	73	5.974E-44	0.986	0.986
smORF_6	MAKGKDVRVTIILECTSCVRNDIKKEAAGISRYITQKNRHNTPSRLELRKFCPYCYKHTIHGEIKK*	67	k141_80_3	MAKGKDVRVTIILECTSCVRNDIKKEAAGISRYITQKNRHNTPSRLELRKFCPYCYKHTIHGEIKK*	67	1.000	66	1.624E-44	0.985	0.985
smORF_7	MRDLKTYLSVAPVLSTLWFGSLAGLLIEINRLFPDALTFPFFSF*	45	k141_80_4	MRDLKTYLSVAPVLSTLWFGSLAGLLIEINRLFPDALTFPFFSF*	45	0.957	44	1.478E-26	0.978	0.978
smORF_14	MPLEPRASWFSPKCVEAQQLTGHLGVKHCFGAGRESGTKSRQTLNTRYDLKITGVKVGQ*	60	k141_74_3	MPLEPRASWFSPKCVEAQQLTGHLGVKHCFGAGRESGTKSRQTLNTRYDLKITGVKVGQ*	60	1.000	59	1.523E-40	0.983	0.983
smORF_15	MKNLTDSFVYLGHWPSAGSFGFNTDILATNPINLSVVFGVLIFFGKGVCVSCSFQE*	57	k141_89_1	MKNLTDSFVYLGHWPSAGSFGFNTDILATNPINLSVVFGVLIFFGKGVCVSCSFQE*	57	1.000	56	7.383E-38	0.982	0.982
smORF_2	MGCCSTERRDAPDRWDPVPTKLIEGSANPTKLKKEWRTKENGRRSAVPKGCYSADRREVNSGIRMLRCQRSDGISSCQDRGMM*	84	k141_36_1	MGCCSTERRDAPDRWDPVPTKLIEGSANPTKLKKEWRTKENGRRSAVPKGCYSADRREVNSGIRMLRCQRSDGISSCQDRGMM*	84	1.000	83	4.582E-57	0.988	0.988
smORF_3	MQQLQNGNLIEYTIKIYKQEQILRKRLKILGWEVIPLPDPLLEDRIPEKLKENHVLVQANPLYY*	65	k141_91_1	MQQLQNGNLIEYTIKIYKQEQILRKRLKILGWEVIPLPDPLLEDRIPEKLKENHVLVQANPLYY*	65	0.986	64	1.135E-41	0.985	0.985
smORF_8	MSSPEFARTIPVSPPMVNKKMNPTANNMGVLYCIEPPHMVAIQLKILIPVGTAMIMVAAVK*	62	k141_15_1	MSSPEFARTIPVSPPMVNKKMNPTANNMGVLYCIEPPHMVAIQLKILIPVGTAMIMVAAVK*	62	0.936	61	4.652E-37	0.984	0.984
smORF_9	MVFSRMFRMSRLLNSLTDWLLELTNGLPASLLFVLEPLLAMDLLWLTGPEMS*	53	k141_58_1	MVFSRMFRMSRLLNSLTDWLLELTNGLPASLLFVLEPLLAMDLLWLTGPEMS*	53	0.932	52	6.339E-31	0.981	0.981
smORF_19	MTTFNNLPSIFVPLVGLVFPAIAMASLFLHIQKNKIF*	38	k141_37_1	MTTFNNLPSIFVPLVGLVFPAIAMASLFLHIQKNKIF*	38	0.932	37	4.635E-21	0.974	0.974
smORF_4	MVYILLLIAWRIKNMTIAFQLAVFALIITSSILLISVPVVFASPDGWSSNKNVVFSGTSLWIGLVFLVGILNSLIS*	77	k141_72_1	MVYILLLIAWRIKNMTIAFQLAVFALIITSSILLISVPVVFASPDGWSSNKNVVFSGTSLWIGLVFLVGILNSLIS*	77	0.886	76	6.938E-44	0.987	0.987
smORF_5	MPRSRINGNFIDKTFTIVADILLRVIPTTSGEKEAFTYYRDGAIWLSLFFFLADFDWNRKKNEYWKKIYAFEGEVYNIKKTIPSVMYPRLMQP*	94	k141_11_1	MPRSRINGNFIDKTFTIVADILLRVIPTTSGEKEAFTYYRDGAIWLSLFFFLADFDWNRKKNEYWKKIYAFEGEVYNIKKTIPSVMYPRLMQP*	94	0.999	93	4.962E-63	0.989	0.989
smORF_16	MFLISRLAETNRAPFDLPEAEAESVAGYNVEYARDAILNSPLLAEANVPGSRGLILTETRGGSLPTQKYSIFGKTKNVIA*	81	k141_49_1	MFLISRLAETNRAPFDLPEAEAESVAGYNVEYARDAILNSPLLAEANVPGSRGLILTETRGGSLPTQKYSIFGKTKNVIA*	81	0.950	80	1.555E-50	0.988	0.988
smORF_16	MFLISRLAETNRAPFDLPEAEAESVAGYNVEYARDAILNSPLLAEANVPGSRGLILTETRGGSLPTQKYSIFGKTKNVIA*	81	k141_19_1	MWRQPIGFIIFLISSLAECERLPFDLPEAEEELIAGYQTEYSGIKFGLFYVASYLNLLISSLFVTVLYLGGWNISIPYISILELFQRDQIFGTTIGIFITLAKTYLFLFVSIATRWTLPRLRMDQLLNLGWKFLLPISLGNLLLTTSFQLFSL*	154	0.698	33	3.774E-11	0.407	0.214
smORF_17	MVDTRDSKSRAKERGGSSPLQGIILKWNKFGSGSRNIGDLLYLMNGEGESALKSSALRPAVYDSTGITQG*	71	k141_92_2	MVDTRDSKSRAKERGGSSPLQGIILKWNKFGSGSRNIGDLLYLMNGEGESALKSSALRPAVYDSTGITQG*	71	0.949	70	9.682E-44	0.986	0.986
smORF_24	MIKNIVISFEEQKEESRGSVEFQVFSFTNKIRRLTSHLELHRKDYLSQRGLRKILGKRQRLLAYLSKKNRVRYKELINQLNIRELKTR*	89	k141_38_1	MIKNIVISFEEQKEESRGSVEFQVFSFTNKIRRLTSHLELHRKDYLSQRGLRKILGKRQRLLAYLSKKNRVRYKELINQLNIRELKTR*	89	0.900	88	2.752E-52	0.989	0.989
smORF_25	MSAQSEGNYAEALQNYYEAMRLEIDPYDRSYILYNIGLIHTSNGEHTKALEYYFRALERNPFLPQAFNNMAVICHYVRLSPL*	83	k141_31_1	MSAQSEGNYAEALQNYYEAMRLEIDPYDRSYILYNIGLIHTSNGEHTKALEYYFRALERNPFLPQAFNNMAVICHYVRLSPL*	83	0.985	82	3.346E-54	0.988	0.988
smORF_20	MTRNVRRGGKIWVRIFPDKPVTVRPAETRMGSGKGSPEYWVAVVKPGKILYEMGGVPENIARKAISIAASKMPIKTQFIISE*	83	k141_61_4	MTRNVRRGGKIWVRIFPDKPVTVRPAETRMGSGKGSPEYWVAVVKPGKILYEMGGVPENIARKAISIAASKMPIKTQFIISE*	83	0.978	82	8.645E-54	0.988	0.988
smORF_21	MKGNRKVCGFSGRMKEREKKLNINDI*	27	k141_61_5	MKGNRKVCGFSGRMKEREKKLNINDI*	27	0.995	26	4.192E-15	0.963	0.963
